[
  {
    "baseType": 3,
    "name": "Text",
    "defaultValue": "You need to look at this message now!",
    "description": "",
    "helpText": "",
    "isSystem": false,
    "minLength": 0,
    "maxLength": 3000,
    "validationRegex": "",
    "isValidate": false
  },
  {
    "baseType": 3,
    "name": "Which groups?",
    "defaultValue": "Networks",
    "description": "",
    "helpText": "Comma separated list of groups (case sensitive)",
    "isSystem": false,
    "minLength": 0,
    "maxLength": 300,
    "validationRegex": "",
    "isValidate": false
  }
]