{
  "integrations": [
    {
      "id": "11229d5e-ca67-48e2-a4f9-2da5542ee4f7",
      "name": "Shift Gaps",
      "action": "RUN_SCRIPT",
      "type": "OUTBOUND_WEBHOOK",
      "triggeredBy": "STATUS",
      "deployed": true,
      "form": "eaee0ff4-3ba7-4ce8-b53d-3cddf8d9315f",
      "script": "/******************************************************************************\n * Outbound integrations\n *\n * Outbound integrations are triggered when an xMatters system action occurs,\n * such as when an event status changes, a notification is delivered, or a\n * recipient responds to a message. These system actions are called 'triggers'.\n *\n * Outbound integrations can perform tasks such as initiating a follow-up xMatters\n * event when the status of an event changes or updating another system in your\n * toolchain when a user responds to a notification.\n *\n * xMatters passes information about the trigger to the outbound integration\n * as a JSON object in the body of the built-in request object. Your outbound\n * integration can process this data and use it in the script. (To include form\n * properties in the request data, select 'Include in Outbound Integrations'\n * from the property's settings on the form layout.)\n *\n * The following sample code shows how to work with scripts in the Integration\n * Builder. You can use it as a template and then customize it to work with your\n * integration.\n ******************************************************************************/\n\n/**\n * Parse the payload data\n *\n * This code shows how to extract the payload from the built-in request object.\n * The specific fields that are included in the payload depends on the type of\n * trigger and how many form properties are included.\n */\nvar payload = JSON.parse(request.body);\n\n/**\n * Form properties are included in the payload when they are marked as\n * 'Include in Outbound Integrations' on the form layout.\n *\n * This code shows how to transform the eventProperties object so that\n * you can access form properties using dot notation, and then shows\n * how to access the values of form properties named TicketId and Description.\n */\nif (payload.eventProperties && Array.isArray(payload.eventProperties)) {\n    var eventProperties = payload.eventProperties;\n    payload.eventProperties = {};\n\n    for (var i = 0; i < eventProperties.length; i++) {\n        var eventProperty = eventProperties[i];\n        var key = Object.keys(eventProperty)[0];\n        payload.eventProperties[key] = eventProperty[key];\n    }\n}\n\n\nswitch (payload.status) {\ncase 'active':\n\n\n// Sets the dates from tomorrow to 7 days following that\nvar moment = require('moment');\nvar datenow = moment();\nvar datefrom = moment().add(1, 'days').format('YYYY-MM-DD');\nvar dateto = moment().add(8, 'days').format('YYYY-MM-DD');\n\nconsole.log(datefrom);\nconsole.log(dateto);\n\n\n\n// splits the comma separated list of groups\n\nvar str = payload.eventProperties['Which groups?'];\nvar GroupArray = str.split(\",\");\nvar GroupCount = GroupArray.length;\n//console.log(GroupCount);\nvar ResultText = \"\";\n\n\nfor (k = 0; k < GroupCount; k++) {   // loop for the number of groups\n\n\nconsole.log(\"Group= \" + GroupArray[k]);\nconsole.log(\"Encoded Group= \" + encodeURIComponent(GroupArray[k]));\n\nvar request = http.request({ \n     \"endpoint\": \"xMatters\",\n     \"autoEncodeURI\": \"false\",\n     \"path\": \"/api/xm/1/on-call?groups=\" + encodeURIComponent(GroupArray[k]) + \"&from=\" + datefrom + \"T00:00:00Z&to=\" + dateto + \"T00:00:00Z&&membersPerShift=3\",\n     \"method\": \"GET\"\n });\n\nvar response = request.write();\n\nif (response.statusCode == 200 ) {\n   json = JSON.parse(response.body);\n//   console.log(json);\n\n}\n\n//console.log(json.count);\nvar MaxCount = json.count -1;\nvar GapCount = 0;\nvar Result = [];\nfor (i = 0; i < MaxCount; i++) {    //loop for shifts in that group\n    console.log(i);\n    console.log(json.data[i].start);\n    console.log(json.data[i].end);\n    console.log(\"Number people in shift= \" + json.data[i].members.count);\n    \nvar StartShift = json.data[i].start;\nvar EndShift = json.data[i].end;\nvar StartNextShift = json.data[i+1].start;\n\nvar StartShiftParsed = StartShift.replace(\"T\", \" \").replace(\"Z\", \"\");\nvar EndShiftParsed = EndShift.replace(\"T\", \" \").replace(\"Z\", \"\");\nvar StartNextShiftParsed = StartNextShift.replace(\"T\", \" \").replace(\"Z\", \"\");\n\n//console.log(EndShift);\n//console.log(StartNextShift);\n\nif (EndShift != StartNextShift) {\nResult[GapCount] = \"Group \" + GroupArray[k] + \" has a gap between \" + EndShiftParsed + \" and \" + StartNextShiftParsed;\nGapCount=GapCount+1;\n}\n\nif (json.data[i].members.count == \"0\") {\nResult[GapCount] = \"Group \" + GroupArray[k] + \" has a shift with no members between \" + StartShiftParsed + \" and \" + EndShiftParsed;\nGapCount=GapCount+1;\n}\n\n//console.log(Result);\n//console.log(\" \");\n\n}\n\n//for (j = 0; j < GapCount; j++) { \n//    console.log(Result[j]);\n//}\n\n//console.log(GapCount);\n\nfor (j = 0; j < GapCount; j++) {    // loop for number of results\nvar ResultText =  ResultText + Result[j] + \"<br>\";  \n}\n//console.log(GroupArray[k]);\n\n\n}\n\n\n\nconsole.log(\"The final result is... \" + ResultText);\n\nif (GapCount > 0) {   // Only send a message if there are gaps or empty shifts\n\n//******************\n// Get the original sender's username\n//******************\nvar EventRequired = payload.eventIdentifier;\n\nvar request = http.request({ \n     \"endpoint\": \"xMatters\",\n     \"path\": \"/api/xm/1/events/\" + EventRequired,\n     \"method\": \"GET\"\n });\n\nvar response = request.write();\n\nif (response.statusCode == 200 ) {\n   json = JSON.parse(response.body);\n   console.log(\"Retrieved event: \" + json.eventId + \". ID = \" + json.id);\n\n}\n\nvar SenderUsername = json.submitter.targetName;\nconsole.log(SenderUsername);\n\n\n\n\n// Send the results back to the originator\n\nvar trigger = JSON.stringify({\n\"properties\": {\n\"Text\": ResultText,\n},\n\"recipients\" : [ {\"targetName\": SenderUsername } ]\n});\nconsole.log( 'Response payload: ' + JSON.stringify( trigger ) );\nvar req = http.request({\nmethod: 'POST',\nendpoint: 'xMatters',\npath: '/reapi/2015-04-01/forms/cb45fef6-1d98-4d8d-bec6-e14a38e7c5b7/triggers',\nheaders: {\n'Content-Type': 'application/json'\n}\n});\nreq.write(trigger);\n\n}\n}\n\n\n",
      "environment": "HOSTED"
    }
  ],
  "endpoints": [],
  "constants": []
}